CREATE DATABASE  IF NOT EXISTS `hw1` /*!40100 DEFAULT CHARACTER SET utf8mb4 COLLATE utf8mb4_0900_ai_ci */ /*!80016 DEFAULT ENCRYPTION='N' */;
USE `hw1`;
-- MySQL dump 10.13  Distrib 8.0.27, for macos11 (x86_64)
--
-- Host: localhost    Database: hw1
-- ------------------------------------------------------
-- Server version	8.0.27

/*!40101 SET @OLD_CHARACTER_SET_CLIENT=@@CHARACTER_SET_CLIENT */;
/*!40101 SET @OLD_CHARACTER_SET_RESULTS=@@CHARACTER_SET_RESULTS */;
/*!40101 SET @OLD_COLLATION_CONNECTION=@@COLLATION_CONNECTION */;
/*!50503 SET NAMES utf8 */;
/*!40103 SET @OLD_TIME_ZONE=@@TIME_ZONE */;
/*!40103 SET TIME_ZONE='+00:00' */;
/*!40014 SET @OLD_UNIQUE_CHECKS=@@UNIQUE_CHECKS, UNIQUE_CHECKS=0 */;
/*!40014 SET @OLD_FOREIGN_KEY_CHECKS=@@FOREIGN_KEY_CHECKS, FOREIGN_KEY_CHECKS=0 */;
/*!40101 SET @OLD_SQL_MODE=@@SQL_MODE, SQL_MODE='NO_AUTO_VALUE_ON_ZERO' */;
/*!40111 SET @OLD_SQL_NOTES=@@SQL_NOTES, SQL_NOTES=0 */;

--
-- Table structure for table `autoFactTable`
--

DROP TABLE IF EXISTS `autoFactTable`;
/*!40101 SET @saved_cs_client     = @@character_set_client */;
/*!50503 SET character_set_client = utf8mb4 */;
CREATE TABLE `autoFactTable` (
  `autoID` varchar(64) NOT NULL,
  `url` varchar(256) DEFAULT NULL,
  `usedOrNew` int DEFAULT NULL,
  `bodyStyle` int DEFAULT NULL,
  `make` int DEFAULT NULL,
  `age` int DEFAULT NULL,
  `priceRange` int DEFAULT NULL,
  `sellerType` int DEFAULT NULL,
  `mileage` int DEFAULT NULL,
  `color` int DEFAULT NULL,
  `sunroof` int DEFAULT NULL,
  `luxurySeats` int DEFAULT NULL,
  `transmission` int DEFAULT NULL,
  `fuelType` int DEFAULT NULL,
  PRIMARY KEY (`autoID`)
) ENGINE=InnoDB DEFAULT CHARSET=utf8mb4 COLLATE=utf8mb4_0900_ai_ci;
/*!40101 SET character_set_client = @saved_cs_client */;

--
-- Dumping data for table `autoFactTable`
--

LOCK TABLES `autoFactTable` WRITE;
/*!40000 ALTER TABLE `autoFactTable` DISABLE KEYS */;
INSERT INTO `autoFactTable` VALUES ('a0','https://www.carvana.com/vehicle/2169335',3,4,6,3,2,1,3,2,2,1,1,3),('a1','https://www.carvana.com/vehicle/2169335',2,4,10,1,1,2,2,16,1,2,1,2),('a10','https://www.carvana.com/vehicle/2169335',1,5,10,1,1,2,3,2,2,1,1,2),('a100','https://www.carvana.com/vehicle/2169335',2,7,7,3,3,2,4,3,2,2,1,2),('a101','https://www.carvana.com/vehicle/2169335',1,3,10,4,2,1,3,14,2,2,2,1),('a102','https://www.carvana.com/vehicle/2169335',3,8,4,3,3,1,3,13,1,2,2,2),('a103','https://www.carvana.com/vehicle/2169335',2,1,12,4,3,2,5,5,2,1,1,3),('a104','https://www.carvana.com/vehicle/2169335',3,8,10,2,2,1,4,16,1,2,2,2),('a105','https://www.carvana.com/vehicle/2169335',2,2,9,4,1,1,3,3,1,2,2,2),('a106','https://www.carvana.com/vehicle/2169335',1,5,8,1,1,2,1,13,1,2,1,3),('a107','https://www.carvana.com/vehicle/2169335',3,6,7,1,2,1,2,7,2,2,1,1),('a108','https://www.carvana.com/vehicle/2169335',3,4,5,3,2,2,2,9,1,2,1,3),('a109','https://www.carvana.com/vehicle/2169335',1,4,7,1,2,1,5,3,1,2,1,3),('a11','https://www.carvana.com/vehicle/2169335',3,2,11,4,2,1,3,8,2,1,2,1),('a110','https://www.carvana.com/vehicle/2169335',3,2,10,3,1,2,3,8,1,2,2,3),('a111','https://www.carvana.com/vehicle/2169335',1,5,3,3,2,2,1,9,1,2,2,1),('a112','https://www.carvana.com/vehicle/2169335',2,8,10,2,2,2,5,8,2,2,2,3),('a113','https://www.carvana.com/vehicle/2169335',2,5,12,1,3,1,3,14,2,1,2,3),('a114','https://www.carvana.com/vehicle/2169335',1,8,8,1,2,1,4,8,1,1,1,2),('a115','https://www.carvana.com/vehicle/2169335',1,3,1,2,2,2,3,7,2,1,1,3),('a116','https://www.carvana.com/vehicle/2169335',2,3,10,3,1,1,4,11,1,2,1,2),('a117','https://www.carvana.com/vehicle/2169335',1,7,1,2,1,2,5,14,1,1,1,1),('a118','https://www.carvana.com/vehicle/2169335',3,7,6,4,1,1,5,2,1,2,1,3),('a119','https://www.carvana.com/vehicle/2169335',3,5,1,2,3,1,3,8,1,2,2,3),('a12','https://www.carvana.com/vehicle/2169335',3,1,4,2,2,1,2,3,2,1,2,3),('a120','https://www.carvana.com/vehicle/2169335',2,2,11,1,3,1,1,11,2,1,1,3),('a121','https://www.carvana.com/vehicle/2169335',2,7,6,3,3,1,5,4,2,2,2,3),('a122','https://www.carvana.com/vehicle/2169335',2,8,7,1,3,1,5,8,1,1,1,1),('a123','https://www.carvana.com/vehicle/2169335',2,8,2,1,2,1,5,8,1,2,2,2),('a124','https://www.carvana.com/vehicle/2169335',2,4,5,4,2,1,4,9,2,2,1,3),('a125','https://www.carvana.com/vehicle/2169335',2,4,10,2,2,2,4,9,2,1,2,1),('a126','https://www.carvana.com/vehicle/2169335',3,4,9,4,4,1,2,15,2,1,2,2),('a127','https://www.carvana.com/vehicle/2169335',1,2,3,2,4,2,4,5,2,1,2,3),('a128','https://www.carvana.com/vehicle/2169335',1,8,8,4,1,1,1,13,1,2,1,3),('a129','https://www.carvana.com/vehicle/2169335',1,3,10,2,2,2,3,6,2,2,2,3),('a13','https://www.carvana.com/vehicle/2169335',3,2,5,4,4,2,3,7,1,1,2,1),('a130','https://www.carvana.com/vehicle/2169335',3,1,11,3,2,2,4,15,2,2,1,2),('a131','https://www.carvana.com/vehicle/2169335',3,8,1,4,2,1,3,3,1,2,1,3),('a132','https://www.carvana.com/vehicle/2169335',3,1,12,3,2,2,2,2,1,2,1,3),('a133','https://www.carvana.com/vehicle/2169335',2,7,11,3,4,2,3,5,2,1,2,2),('a134','https://www.carvana.com/vehicle/2169335',3,1,12,3,3,2,2,12,1,2,2,1),('a135','https://www.carvana.com/vehicle/2169335',1,3,3,2,4,1,1,8,2,2,1,2),('a136','https://www.carvana.com/vehicle/2169335',2,6,2,3,4,2,3,9,1,1,2,1),('a137','https://www.carvana.com/vehicle/2169335',3,2,12,4,2,2,5,16,1,1,2,3),('a138','https://www.carvana.com/vehicle/2169335',2,5,2,1,1,2,4,7,2,1,2,3),('a139','https://www.carvana.com/vehicle/2169335',3,4,12,4,2,1,4,5,2,1,2,2),('a14','https://www.carvana.com/vehicle/2169335',3,5,3,2,1,1,1,10,2,2,1,1),('a140','https://www.carvana.com/vehicle/2169335',1,6,1,2,3,2,3,1,1,2,2,2),('a141','https://www.carvana.com/vehicle/2169335',1,3,9,4,2,1,1,11,1,1,2,3),('a142','https://www.carvana.com/vehicle/2169335',2,4,1,3,2,2,5,5,2,2,2,2),('a143','https://www.carvana.com/vehicle/2169335',1,7,10,2,3,1,4,16,1,1,1,2),('a144','https://www.carvana.com/vehicle/2169335',2,2,3,1,2,2,3,1,1,1,1,2),('a145','https://www.carvana.com/vehicle/2169335',2,8,5,1,4,2,5,9,2,1,2,3),('a146','https://www.carvana.com/vehicle/2169335',1,2,12,4,1,2,4,3,1,2,2,1),('a147','https://www.carvana.com/vehicle/2169335',3,6,5,4,1,1,1,13,2,2,1,3),('a148','https://www.carvana.com/vehicle/2169335',3,6,7,2,1,1,1,2,2,1,2,2),('a149','https://www.carvana.com/vehicle/2169335',2,2,11,3,1,1,1,11,2,1,2,3),('a15','https://www.carvana.com/vehicle/2169335',1,8,1,4,4,2,1,12,2,1,2,2),('a150','https://www.carvana.com/vehicle/2169335',2,8,5,4,2,1,5,9,2,1,2,2),('a151','https://www.carvana.com/vehicle/2169335',3,8,3,3,1,1,5,1,1,1,1,2),('a152','https://www.carvana.com/vehicle/2169335',1,5,9,2,4,1,5,11,1,2,2,2),('a153','https://www.carvana.com/vehicle/2169335',1,6,9,2,4,2,1,13,1,2,2,1),('a154','https://www.carvana.com/vehicle/2169335',1,3,1,4,1,2,3,5,2,2,1,3),('a155','https://www.carvana.com/vehicle/2169335',3,5,7,1,2,1,1,2,1,2,1,3),('a156','https://www.carvana.com/vehicle/2169335',2,4,1,1,4,1,5,9,1,2,1,1),('a157','https://www.carvana.com/vehicle/2169335',3,1,2,1,3,2,1,6,2,1,2,1),('a158','https://www.carvana.com/vehicle/2169335',3,8,3,2,2,1,2,6,2,1,2,3),('a159','https://www.carvana.com/vehicle/2169335',1,4,11,2,2,1,3,11,2,1,2,2),('a16','https://www.carvana.com/vehicle/2169335',2,8,4,2,1,2,5,4,2,2,2,2),('a160','https://www.carvana.com/vehicle/2169335',2,6,12,3,4,2,4,16,1,2,1,3),('a161','https://www.carvana.com/vehicle/2169335',1,1,8,1,2,2,4,10,1,1,1,3),('a162','https://www.carvana.com/vehicle/2169335',2,6,11,1,2,1,2,9,1,1,2,3),('a163','https://www.carvana.com/vehicle/2169335',1,5,2,1,4,2,5,9,1,1,1,2),('a164','https://www.carvana.com/vehicle/2169335',3,8,1,3,2,2,5,9,2,1,2,3),('a165','https://www.carvana.com/vehicle/2169335',2,5,8,1,1,2,2,9,1,2,2,2),('a166','https://www.carvana.com/vehicle/2169335',1,4,12,3,1,2,2,1,1,1,1,1),('a167','https://www.carvana.com/vehicle/2169335',2,7,8,2,4,2,1,15,2,1,2,2),('a168','https://www.carvana.com/vehicle/2169335',3,7,7,2,1,2,3,6,2,2,1,2),('a169','https://www.carvana.com/vehicle/2169335',2,2,11,4,1,2,4,5,2,2,2,2),('a17','https://www.carvana.com/vehicle/2169335',2,1,6,4,2,1,3,16,1,2,2,2),('a170','https://www.carvana.com/vehicle/2169335',3,8,8,4,2,2,4,9,2,2,2,2),('a171','https://www.carvana.com/vehicle/2169335',1,3,2,1,4,2,4,8,1,1,1,3),('a172','https://www.carvana.com/vehicle/2169335',1,8,5,3,4,1,2,7,1,1,1,3),('a173','https://www.carvana.com/vehicle/2169335',1,6,1,3,4,1,3,5,1,2,1,2),('a174','https://www.carvana.com/vehicle/2169335',2,1,4,4,4,2,4,9,1,2,2,1),('a175','https://www.carvana.com/vehicle/2169335',3,7,11,2,2,1,3,9,2,2,2,2),('a176','https://www.carvana.com/vehicle/2169335',2,2,4,2,1,2,2,13,1,2,2,2),('a177','https://www.carvana.com/vehicle/2169335',2,7,12,3,1,1,5,7,1,2,1,2),('a178','https://www.carvana.com/vehicle/2169335',2,6,3,2,2,2,4,3,1,1,1,2),('a179','https://www.carvana.com/vehicle/2169335',1,3,6,1,2,1,1,7,2,1,1,1),('a18','https://www.carvana.com/vehicle/2169335',1,2,12,4,1,2,3,14,1,1,2,1),('a180','https://www.carvana.com/vehicle/2169335',2,3,5,1,2,2,5,11,1,1,1,3),('a181','https://www.carvana.com/vehicle/2169335',1,4,10,1,3,2,1,15,2,2,1,1),('a182','https://www.carvana.com/vehicle/2169335',1,4,6,1,3,2,2,16,2,2,1,2),('a183','https://www.carvana.com/vehicle/2169335',1,8,4,4,2,2,5,6,1,2,1,3),('a184','https://www.carvana.com/vehicle/2169335',2,4,7,4,3,1,4,9,2,1,2,2),('a185','https://www.carvana.com/vehicle/2169335',2,8,11,1,3,2,5,14,2,1,1,2),('a186','https://www.carvana.com/vehicle/2169335',3,2,11,3,3,1,3,12,2,1,1,2),('a187','https://www.carvana.com/vehicle/2169335',2,4,7,3,1,1,1,16,1,1,1,2),('a188','https://www.carvana.com/vehicle/2169335',2,2,12,3,3,1,1,1,1,1,1,2),('a189','https://www.carvana.com/vehicle/2169335',1,5,9,4,4,1,3,3,2,2,1,3),('a19','https://www.carvana.com/vehicle/2169335',1,5,11,3,3,2,2,10,1,1,1,3),('a190','https://www.carvana.com/vehicle/2169335',1,7,5,2,2,2,3,16,2,2,1,3),('a191','https://www.carvana.com/vehicle/2169335',1,3,1,3,1,1,4,13,1,2,1,1),('a192','https://www.carvana.com/vehicle/2169335',1,2,10,2,3,1,3,11,2,1,1,1),('a193','https://www.carvana.com/vehicle/2169335',2,6,6,2,3,1,3,14,2,1,1,2),('a194','https://www.carvana.com/vehicle/2169335',2,1,5,2,3,1,5,10,2,1,2,3),('a195','https://www.carvana.com/vehicle/2169335',1,8,7,1,3,1,4,5,2,2,1,2),('a196','https://www.carvana.com/vehicle/2169335',2,5,1,2,2,2,1,10,1,1,2,2),('a197','https://www.carvana.com/vehicle/2169335',3,3,10,4,3,2,4,9,2,1,2,3),('a198','https://www.carvana.com/vehicle/2169335',2,4,1,2,4,2,2,15,1,1,2,2),('a199','https://www.carvana.com/vehicle/2169335',2,5,4,1,2,1,3,13,1,2,2,2),('a2','https://www.carvana.com/vehicle/2169335',3,4,10,2,2,1,5,10,2,2,1,3),('a20','https://www.carvana.com/vehicle/2169335',2,7,7,1,2,1,2,9,1,2,2,1),('a200','https://www.carvana.com/vehicle/2169335',3,3,11,3,3,1,1,7,2,1,2,2),('a201','https://www.carvana.com/vehicle/2169335',1,8,3,1,3,1,3,10,1,1,2,2),('a202','https://www.carvana.com/vehicle/2169335',3,5,9,4,2,1,3,1,2,1,2,2),('a203','https://www.carvana.com/vehicle/2169335',3,8,3,4,1,2,4,2,1,1,1,1),('a204','https://www.carvana.com/vehicle/2169335',2,6,3,1,1,2,3,3,1,1,2,1),('a205','https://www.carvana.com/vehicle/2169335',3,3,5,1,3,2,4,6,1,1,2,3),('a206','https://www.carvana.com/vehicle/2169335',3,2,3,4,3,2,2,10,2,2,1,1),('a207','https://www.carvana.com/vehicle/2169335',2,5,9,1,1,1,4,1,2,1,2,3),('a208','https://www.carvana.com/vehicle/2169335',1,8,3,2,3,2,1,16,2,2,1,2),('a209','https://www.carvana.com/vehicle/2169335',1,7,9,4,2,1,3,12,1,1,2,2),('a21','https://www.carvana.com/vehicle/2169335',1,8,4,4,2,2,4,1,2,1,1,1),('a210','https://www.carvana.com/vehicle/2169335',2,6,2,1,1,1,2,6,1,1,2,1),('a211','https://www.carvana.com/vehicle/2169335',2,5,9,1,3,2,5,3,2,2,1,2),('a212','https://www.carvana.com/vehicle/2169335',1,3,1,4,2,2,3,9,1,2,1,1),('a213','https://www.carvana.com/vehicle/2169335',3,1,11,4,1,2,4,10,2,1,1,2),('a214','https://www.carvana.com/vehicle/2169335',3,1,1,3,4,1,4,6,1,2,1,2),('a215','https://www.carvana.com/vehicle/2169335',1,3,8,3,1,1,3,5,1,1,1,1),('a216','https://www.carvana.com/vehicle/2169335',1,4,12,4,2,2,5,12,2,2,2,1),('a217','https://www.carvana.com/vehicle/2169335',1,3,10,2,4,2,1,5,2,1,1,3),('a218','https://www.carvana.com/vehicle/2169335',3,7,5,4,4,2,2,2,1,1,1,3),('a219','https://www.carvana.com/vehicle/2169335',3,7,7,2,3,1,2,7,2,2,2,3),('a22','https://www.carvana.com/vehicle/2169335',2,2,8,1,4,2,4,16,1,1,2,1),('a220','https://www.carvana.com/vehicle/2169335',2,5,8,4,4,2,1,9,2,1,1,3),('a221','https://www.carvana.com/vehicle/2169335',1,3,2,2,3,1,2,9,1,2,2,2),('a222','https://www.carvana.com/vehicle/2169335',1,5,2,3,3,2,5,7,2,2,2,3),('a223','https://www.carvana.com/vehicle/2169335',2,1,10,1,1,1,4,4,1,1,2,2),('a224','https://www.carvana.com/vehicle/2169335',2,8,8,1,2,1,2,1,1,1,1,3),('a225','https://www.carvana.com/vehicle/2169335',3,3,9,3,2,1,4,15,2,2,2,3),('a226','https://www.carvana.com/vehicle/2169335',1,2,9,1,4,2,4,14,1,2,2,1),('a227','https://www.carvana.com/vehicle/2169335',1,5,3,1,3,2,2,13,2,2,1,1),('a228','https://www.carvana.com/vehicle/2169335',1,2,1,4,4,2,4,16,1,1,2,1),('a229','https://www.carvana.com/vehicle/2169335',1,4,1,4,2,1,4,11,1,1,1,1),('a23','https://www.carvana.com/vehicle/2169335',3,1,7,3,2,1,3,8,2,2,2,3),('a230','https://www.carvana.com/vehicle/2169335',1,2,2,2,2,2,4,5,2,2,1,2),('a231','https://www.carvana.com/vehicle/2169335',2,3,9,2,2,1,3,15,1,2,2,2),('a232','https://www.carvana.com/vehicle/2169335',1,5,1,4,4,2,5,11,1,1,1,1),('a233','https://www.carvana.com/vehicle/2169335',3,2,5,4,2,1,4,14,2,2,2,3),('a234','https://www.carvana.com/vehicle/2169335',1,7,9,2,1,1,3,2,2,2,2,3),('a235','https://www.carvana.com/vehicle/2169335',1,3,12,3,1,1,3,3,2,1,1,3),('a236','https://www.carvana.com/vehicle/2169335',2,5,9,4,4,1,5,7,1,1,1,1),('a237','https://www.carvana.com/vehicle/2169335',2,5,10,1,3,2,3,11,1,1,2,1),('a238','https://www.carvana.com/vehicle/2169335',1,6,5,1,4,1,4,5,1,1,1,2),('a239','https://www.carvana.com/vehicle/2169335',2,8,2,2,3,2,5,15,1,1,2,3),('a24','https://www.carvana.com/vehicle/2169335',2,5,7,4,3,1,2,15,2,2,2,3),('a240','https://www.carvana.com/vehicle/2169335',2,6,6,4,3,1,2,7,1,1,2,3),('a241','https://www.carvana.com/vehicle/2169335',2,2,2,4,1,2,5,4,2,2,1,2),('a242','https://www.carvana.com/vehicle/2169335',2,3,3,1,3,2,3,9,2,1,2,1),('a243','https://www.carvana.com/vehicle/2169335',1,6,10,1,3,1,3,2,2,2,1,3),('a244','https://www.carvana.com/vehicle/2169335',2,5,1,1,2,1,1,6,1,1,1,1),('a245','https://www.carvana.com/vehicle/2169335',2,2,9,2,1,1,3,7,1,1,1,1),('a246','https://www.carvana.com/vehicle/2169335',1,3,10,3,2,2,3,15,1,1,1,1),('a247','https://www.carvana.com/vehicle/2169335',1,6,12,4,4,2,2,12,2,1,1,1),('a248','https://www.carvana.com/vehicle/2169335',2,3,10,2,3,2,1,3,1,1,1,2),('a249','https://www.carvana.com/vehicle/2169335',1,5,12,4,3,1,4,15,2,2,2,2),('a25','https://www.carvana.com/vehicle/2169335',1,3,3,2,3,1,5,15,2,2,2,3),('a26','https://www.carvana.com/vehicle/2169335',1,1,2,1,3,1,3,9,1,1,2,2),('a27','https://www.carvana.com/vehicle/2169335',2,3,8,4,1,1,4,13,2,2,2,3),('a28','https://www.carvana.com/vehicle/2169335',2,4,2,1,4,2,1,12,2,2,2,2),('a29','https://www.carvana.com/vehicle/2169335',1,2,8,1,3,2,5,5,2,2,1,1),('a3','https://www.carvana.com/vehicle/2169335',3,7,6,1,4,1,3,5,2,2,1,1),('a30','https://www.carvana.com/vehicle/2169335',1,5,11,2,2,1,1,6,2,1,2,1),('a31','https://www.carvana.com/vehicle/2169335',1,3,7,2,2,1,2,2,2,2,2,1),('a32','https://www.carvana.com/vehicle/2169335',1,6,4,3,4,1,3,1,1,2,1,2),('a33','https://www.carvana.com/vehicle/2169335',3,7,7,4,2,2,2,14,2,1,1,3),('a34','https://www.carvana.com/vehicle/2169335',2,6,9,3,2,1,3,1,1,2,2,2),('a35','https://www.carvana.com/vehicle/2169335',3,5,9,2,4,1,5,9,2,1,2,3),('a36','https://www.carvana.com/vehicle/2169335',1,6,8,1,1,1,2,6,2,1,2,3),('a37','https://www.carvana.com/vehicle/2169335',2,6,8,2,4,2,5,10,1,1,2,3),('a38','https://www.carvana.com/vehicle/2169335',1,1,1,4,4,1,1,3,2,1,2,1),('a39','https://www.carvana.com/vehicle/2169335',3,4,11,3,1,1,4,9,1,2,2,2),('a4','https://www.carvana.com/vehicle/2169335',1,2,6,3,4,1,2,3,2,1,1,1),('a40','https://www.carvana.com/vehicle/2169335',1,8,1,4,1,2,3,8,1,2,1,2),('a41','https://www.carvana.com/vehicle/2169335',1,8,9,1,1,2,4,1,2,1,1,1),('a42','https://www.carvana.com/vehicle/2169335',3,6,1,1,3,1,1,10,2,1,1,2),('a43','https://www.carvana.com/vehicle/2169335',3,1,1,1,3,1,5,12,2,1,1,1),('a44','https://www.carvana.com/vehicle/2169335',3,6,8,4,1,2,2,13,2,2,2,2),('a45','https://www.carvana.com/vehicle/2169335',3,4,12,4,1,2,1,15,2,1,1,2),('a46','https://www.carvana.com/vehicle/2169335',2,5,7,1,1,1,5,2,2,1,1,2),('a47','https://www.carvana.com/vehicle/2169335',3,1,7,3,3,1,2,14,2,2,1,1),('a48','https://www.carvana.com/vehicle/2169335',1,2,10,3,1,1,3,4,2,1,2,3),('a49','https://www.carvana.com/vehicle/2169335',3,1,9,2,3,1,2,4,2,1,1,3),('a5','https://www.carvana.com/vehicle/2169335',1,7,8,1,4,1,1,11,2,2,2,1),('a50','https://www.carvana.com/vehicle/2169335',3,4,2,3,2,2,3,14,2,2,2,1),('a51','https://www.carvana.com/vehicle/2169335',3,4,9,2,4,2,3,11,1,2,2,2),('a52','https://www.carvana.com/vehicle/2169335',1,2,4,1,1,2,4,8,2,1,1,3),('a53','https://www.carvana.com/vehicle/2169335',1,3,6,3,1,2,1,14,1,1,2,2),('a54','https://www.carvana.com/vehicle/2169335',1,8,4,1,1,1,2,15,2,1,1,3),('a55','https://www.carvana.com/vehicle/2169335',2,7,7,4,3,1,5,3,1,2,2,2),('a56','https://www.carvana.com/vehicle/2169335',3,1,1,4,3,2,5,15,1,1,1,2),('a57','https://www.carvana.com/vehicle/2169335',2,5,11,2,4,2,4,8,2,2,1,2),('a58','https://www.carvana.com/vehicle/2169335',2,5,3,2,2,1,3,1,1,1,2,1),('a59','https://www.carvana.com/vehicle/2169335',2,1,12,3,3,1,5,5,1,1,2,2),('a6','https://www.carvana.com/vehicle/2169335',1,8,3,3,3,2,5,12,2,2,1,2),('a60','https://www.carvana.com/vehicle/2169335',2,8,6,1,3,1,1,10,1,1,1,1),('a61','https://www.carvana.com/vehicle/2169335',2,1,7,2,2,2,2,4,2,2,2,1),('a62','https://www.carvana.com/vehicle/2169335',1,8,4,3,4,1,3,11,1,1,1,1),('a63','https://www.carvana.com/vehicle/2169335',3,4,2,2,2,2,4,4,2,2,2,3),('a64','https://www.carvana.com/vehicle/2169335',2,1,5,1,3,2,2,3,1,1,1,3),('a65','https://www.carvana.com/vehicle/2169335',1,5,4,1,3,1,5,6,1,2,1,3),('a66','https://www.carvana.com/vehicle/2169335',2,2,9,2,3,1,4,1,2,2,1,1),('a67','https://www.carvana.com/vehicle/2169335',2,6,7,2,3,2,3,4,2,1,2,1),('a68','https://www.carvana.com/vehicle/2169335',2,2,7,2,3,1,3,5,1,1,1,2),('a69','https://www.carvana.com/vehicle/2169335',3,1,9,1,4,2,5,1,1,2,1,2),('a7','https://www.carvana.com/vehicle/2169335',2,2,7,1,3,1,1,16,2,2,1,1),('a70','https://www.carvana.com/vehicle/2169335',2,4,2,1,4,2,1,7,2,2,2,2),('a71','https://www.carvana.com/vehicle/2169335',2,6,11,2,4,2,1,14,2,1,2,2),('a72','https://www.carvana.com/vehicle/2169335',1,1,1,2,2,1,2,16,2,2,1,1),('a73','https://www.carvana.com/vehicle/2169335',3,5,9,4,3,1,1,7,1,2,2,1),('a74','https://www.carvana.com/vehicle/2169335',2,2,4,2,4,2,2,8,1,2,2,2),('a75','https://www.carvana.com/vehicle/2169335',2,3,11,2,1,2,1,11,1,2,2,2),('a76','https://www.carvana.com/vehicle/2169335',2,4,9,3,1,2,3,6,2,2,1,2),('a77','https://www.carvana.com/vehicle/2169335',2,7,8,1,2,1,5,1,2,2,2,3),('a78','https://www.carvana.com/vehicle/2169335',2,5,5,2,1,2,1,12,2,1,2,3),('a79','https://www.carvana.com/vehicle/2169335',3,2,11,3,1,2,2,3,1,2,2,1),('a8','https://www.carvana.com/vehicle/2169335',1,5,10,4,2,1,5,14,2,1,1,2),('a80','https://www.carvana.com/vehicle/2169335',3,3,12,4,4,2,3,11,2,1,1,3),('a81','https://www.carvana.com/vehicle/2169335',3,1,2,3,1,1,1,6,1,1,2,3),('a82','https://www.carvana.com/vehicle/2169335',2,1,11,3,3,1,2,13,1,1,1,3),('a83','https://www.carvana.com/vehicle/2169335',2,3,2,3,2,2,4,11,1,2,2,1),('a84','https://www.carvana.com/vehicle/2169335',1,5,10,3,3,2,1,11,1,2,1,1),('a85','https://www.carvana.com/vehicle/2169335',1,5,6,2,2,2,2,2,2,1,2,3),('a86','https://www.carvana.com/vehicle/2169335',3,1,4,4,2,2,3,5,2,1,1,1),('a87','https://www.carvana.com/vehicle/2169335',3,1,9,1,1,1,4,3,2,1,2,1),('a88','https://www.carvana.com/vehicle/2169335',2,1,8,2,3,1,3,3,1,2,2,3),('a89','https://www.carvana.com/vehicle/2169335',3,6,3,3,2,2,1,2,2,1,1,3),('a9','https://www.carvana.com/vehicle/2169335',1,2,5,2,1,2,4,12,2,2,1,1),('a90','https://www.carvana.com/vehicle/2169335',1,1,8,1,4,1,3,3,2,2,1,2),('a91','https://www.carvana.com/vehicle/2169335',2,7,1,3,3,1,3,15,1,1,1,3),('a92','https://www.carvana.com/vehicle/2169335',2,1,3,1,1,2,2,10,1,1,2,2),('a93','https://www.carvana.com/vehicle/2169335',1,3,4,2,1,2,2,5,1,1,2,3),('a94','https://www.carvana.com/vehicle/2169335',3,6,11,3,4,2,3,12,1,2,2,3),('a95','https://www.carvana.com/vehicle/2169335',1,2,12,3,1,1,1,9,2,2,1,2),('a96','https://www.carvana.com/vehicle/2169335',1,1,4,3,4,1,2,8,2,2,1,3),('a97','https://www.carvana.com/vehicle/2169335',2,4,1,2,1,2,1,1,1,1,1,3),('a98','https://www.carvana.com/vehicle/2169335',1,5,6,2,3,1,3,5,1,2,2,3),('a99','https://www.carvana.com/vehicle/2169335',3,5,5,2,3,1,1,10,1,2,1,3);
/*!40000 ALTER TABLE `autoFactTable` ENABLE KEYS */;
UNLOCK TABLES;

--
-- Table structure for table `collegeFactTable`
--

DROP TABLE IF EXISTS `collegeFactTable`;
/*!40101 SET @saved_cs_client     = @@character_set_client */;
/*!50503 SET character_set_client = utf8mb4 */;
CREATE TABLE `collegeFactTable` (
  `name` varchar(64) NOT NULL,
  `url` varchar(256) DEFAULT NULL,
  `publicOrPrivate` int DEFAULT NULL,
  `region` int DEFAULT NULL,
  `state` int DEFAULT NULL,
  `focus` int DEFAULT NULL,
  `setting` int DEFAULT NULL,
  `collegeType` int DEFAULT NULL,
  `collegeSize` int DEFAULT NULL,
  `SATAvg` int DEFAULT NULL,
  `collegeRanking` int DEFAULT NULL,
  `sportsTradition` int DEFAULT NULL,
  `studentFacultyRatio` int DEFAULT NULL,
  `cost` int DEFAULT NULL,
  `collegeAge` int DEFAULT NULL,
  PRIMARY KEY (`name`)
) ENGINE=InnoDB DEFAULT CHARSET=utf8mb4 COLLATE=utf8mb4_0900_ai_ci;
/*!40101 SET character_set_client = @saved_cs_client */;

--
-- Dumping data for table `collegeFactTable`
--

LOCK TABLES `collegeFactTable` WRITE;
/*!40000 ALTER TABLE `collegeFactTable` DISABLE KEYS */;
INSERT INTO `collegeFactTable` VALUES (' University of Alabama at Birmingham','http://main.uab.edu/',1,1,1,0,4,0,2,4,4,3,2,2,1),('Adelphi University,Garden City','http://www.adelphi.edu',1,3,20,0,2,0,2,3,4,0,2,4,1),('Agnes Scott College','http://www.agnesscott.edu',2,1,5,4,1,1,3,3,3,2,1,5,1),('Alabama State University','http://www.alasu.edu/',1,1,1,0,4,0,2,3,4,3,2,3,3),('Alice Lloyd College','http://www.alc.edu/',1,1,10,1,4,2,1,3,2,1,2,3,1),('Allen University','http://www.allenuniversity.edu/',2,1,17,0,5,4,2,4,2,1,2,1,1),('Amberton University','http://www.amberton.edu',2,1,26,0,2,3,3,5,3,3,1,3,3),('Arizona State University','http://www.asu.edu',1,4,2,0,1,0,1,3,4,1,3,1,1),('Armstrong Atlantic State University','http://www.armstrong.edu',1,1,5,0,1,1,2,4,5,1,2,2,2),('Art Institute of Phoenix','http://www.aii.edu',2,4,2,0,1,1,3,2,5,0,2,4,3),('Asbury College','http://www.asbury.edu/',1,1,10,1,4,2,0,4,5,2,4,1,2),('Associated Mennonite Biblical Seminary','http://www.ambs.edu/',1,2,7,3,2,4,3,0,0,0,3,1,3),('Auburn University','http://www.auburn.edu/',1,1,1,0,4,0,1,2,2,1,3,3,1),('Augustana College','http://www.augie.edu/',2,2,24,0,2,1,4,3,4,5,3,1,3),('Baker University','http://www.bakeru.edu',2,2,9,4,2,0,3,0,5,3,2,4,1),('Ball State University','http://www.bsu.edu/cfal',2,2,7,0,1,3,3,0,0,2,3,1,2),('Barnard College, New York','http://www.barnard.edu',2,3,20,2,1,1,3,2,1,3,1,5,1),('Bellarmine College','http://www.bellarmine.edu/',2,1,10,1,2,2,1,3,5,1,2,3,2),('Berea College','http://www.berea.edu/',1,1,10,1,5,2,2,1,4,1,3,2,3),('Bethel University','http://www.bethel.edu',1,2,14,0,5,1,3,4,5,3,2,3,1),('Blackburn College','http://www.blackburn.edu',2,3,6,4,4,1,3,4,5,2,3,4,1),('Bob Jones University','http://www.bju.edu/',2,1,17,0,1,3,1,1,1,1,2,1,3),('Bowling Green State University','http://www.bgsu.edu',1,2,21,0,4,0,1,4,5,3,2,3,3),('Brescia University','http://www.brescia.edu/',2,1,10,1,3,1,3,4,1,0,3,1,2),('Briar Cliff College','http://www.briarcliff.edu',2,2,8,1,1,3,1,3,4,3,1,1,3),('BRIGHAM YOUNG UNIVERSITY','http://www.byu.edu/',2,4,27,4,2,2,1,1,2,2,2,4,1),('Brookdale Community College','http://www.brookdale.cc.nj.us/',2,3,18,3,2,3,2,1,1,1,1,3,1),('Bucknell University','http://www.bucknell.edu',1,3,22,2,2,4,3,2,1,4,2,2,1),('Buena Vista University','http://www.bvu.edu',2,2,8,2,2,2,1,4,1,1,2,2,3),('Butler University','http://www.butler.edu/academics/aca_education.asp',1,2,7,0,1,0,3,0,0,0,3,4,2),('California Institute of Technology','http://www.caltech.edu',2,4,3,0,3,4,1,1,1,1,2,4,1),('California State University at Fresno','http://www.csufresno.edu',1,4,3,0,4,1,2,2,4,2,3,3,2),('California State University at Los Angeles','http://www.calstatela.edu',1,4,3,0,1,1,2,3,5,3,3,3,2),('Calvin College','http://www.calvin.edu',2,2,13,4,2,1,3,3,1,3,2,4,1),('Capella University','http://www.clk4.com',2,1,11,0,1,0,2,4,5,3,2,3,3),('Carnegie Mellon','http://www.cmu.edu/',2,4,22,3,4,2,1,1,3,3,1,3,2),('Christian Brothers University','http://www.cbu.edu',1,1,25,4,3,2,1,2,2,1,3,2,1),('Citadel Military College Of South Carolina','http://www.citadel.edu/',2,1,17,3,0,4,2,2,2,1,2,3,1),('Clear Creek Baptist Bible College','http://www.ccbbc.edu/',1,1,10,1,1,1,2,5,3,1,3,2,3),('Clemson University','http://www.clemson.edu/',1,1,17,0,1,4,2,2,2,2,2,3,1),('Cleveland State University','http://www.csuohio.edu',1,2,21,0,1,0,2,3,4,2,2,3,3),('Coe College','http://www.coe.edu',2,2,8,3,2,2,1,2,2,2,3,3,2),('College of Charleston','http://www.cofc.edu/',1,1,17,0,4,2,2,5,1,2,3,3,2),('College of Eastern Utah','http://www.ceu.edu/',1,4,27,0,2,1,2,4,4,3,3,1,3),('College Of New Jersy','http://www.tcnj.edu/',1,3,18,3,3,2,5,3,2,1,2,2,3),('College of Saint Benedict','http://www.csbsju.edu',1,2,14,1,4,1,3,5,1,3,1,4,1),('Colorado Technical University','http://www.ctusiouxfalls.com/',2,2,24,0,2,4,1,3,4,5,3,1,3),('Cornell College','http://www.cornell-iowa.edu',2,2,8,4,1,1,2,1,2,1,2,4,1),('Cornell University','http://www.cornell.edu',2,3,20,0,4,0,2,2,1,2,1,5,1),('Dakota County Technical College','http://www.dctc.mnscu.edu',1,2,14,0,4,4,2,5,5,3,3,4,3),('Davenport University','http://www.davenport.edu',2,2,13,0,1,0,2,3,5,3,2,2,1),('Deep Springs College ','http://www.deepsprings.edu/',2,4,16,1,2,1,3,5,5,2,1,1,3),('Desert Research Institute ','http://www.dri.edu/',1,4,16,0,2,0,3,5,5,2,2,1,3),('DeVry University-Long Beach','http://www.lb.devry.edu',2,4,3,0,3,2,3,3,5,3,1,2,3),('Drake University','http://www.drake.edu',2,2,8,1,1,2,2,3,4,3,1,5,1),('East Tennessee State University','http://www.etsu.edu',2,1,25,3,2,3,2,1,3,2,3,1,2),('Eastern Kentucky University','http://www.eku.edu/',2,1,10,1,5,1,1,2,5,2,1,2,1),('Eckerd College','http://www.eckerd.edu/',2,1,4,0,2,1,3,3,2,3,3,2,2),('Embry-Riddle Aeronautical Unversity','http://www.erau.edu',2,4,2,0,4,4,3,2,3,3,2,5,3),('Emory University','http://www.emory.edu',2,1,5,4,1,2,2,2,2,1,2,5,1),('Emporia State University','http://www.emporia.edu',1,2,9,0,4,0,3,0,5,3,0,4,1),('Fielding Graduate Institute','http://www.fielding.edu',2,2,3,1,3,3,3,3,5,2,2,4,2),('Florida Atlantic University','http://www.fau.edu/',1,1,4,1,1,2,1,2,3,2,3,4,2),('Florida College','http://www.flcoll.edu/',2,1,4,0,1,1,2,5,3,2,1,1,2),('Florida Hospital College Of Health Science','http://www.fhchs.edu/',2,1,4,0,4,2,2,3,4,3,2,1,3),('Florida Institiute Of Technology','http://www.fit.edu/',2,1,4,1,3,4,1,1,2,2,2,4,3),('Florida International University','http://www.fiu.edu/',1,1,4,0,4,4,3,3,2,2,2,2,3),('Florida Memorial College','http://www.fmc.edu/',2,1,4,3,4,4,2,2,5,3,3,3,3),('Florida Southern College','http://www.flsouthern.edu/',2,1,4,1,3,4,2,4,2,2,2,4,1),('Fordham University','http://www.fordham.edu',2,3,20,0,4,0,2,2,3,1,2,5,1),('Franklin University','http://www.franklin.edu',2,2,21,0,1,0,2,3,5,3,2,1,1),('Friends University','http://www.friends.edu',2,2,9,0,2,1,3,3,5,3,2,4,1),('Georgia Institute of Technology','http://www.gatech.edu',1,1,5,0,1,4,2,2,1,1,2,3,1),('Georgia Southern University','http://www.GeorgiaSouthern.edu',1,1,5,0,4,1,2,3,5,2,2,3,2),('Georgia State University','http://www.gsu.edu',1,1,5,0,1,4,1,4,3,2,2,3,2),('Grand Canyon University','http://www.gcu.edu',2,4,2,4,1,1,3,3,5,3,2,4,2),('Great Basin College','http://www.gbcnv.edu',1,4,16,0,2,0,3,5,5,2,1,2,3),('GreenVille College','http://www.greenville.edu',2,3,6,4,4,1,3,3,5,2,3,4,1),('Hamilton College','http://www.hamilton.edu',2,3,20,0,4,1,3,2,0,0,0,5,1),('Hamline University','http://www.hamline.edu',2,2,14,0,3,3,3,3,3,2,2,4,1),('Haskell Indian Nations University','http://www.haskell.edu',1,2,9,0,2,0,3,4,5,3,2,1,1),('Hudson County Community COllege','http://www.hccc.edu/',2,3,18,4,5,1,4,5,2,1,3,3,2),('Huntington College','http://www.huntington.edu/gscm/',1,2,7,0,2,0,0,1,0,0,2,5,2),('Illinois Institute of Technology','http://www.iit.edu',2,3,6,0,1,4,2,2,5,2,3,5,1),('Iowa State University','http://www.iastate.edu',1,2,8,2,1,3,2,1,1,1,2,1,2),('Iowa Wesleyan College','http://www.iwc.edu',1,2,8,3,2,1,2,2,2,3,2,2,3),('John F. Kennedy University','http://www.jfku.edu',2,4,3,0,4,1,2,4,5,2,3,4,2),('Judson College','http://www.judson.edu/',1,1,1,2,4,1,3,4,3,5,3,1,1),('Kalamazoo College','http://www.kzoo.edu',2,2,13,0,1,1,3,3,3,3,2,4,1),('Kansas State University','http://www.ksu.edu',1,2,9,0,1,4,2,3,5,2,3,2,1),('Kansas Wesleyan University','http://www.kwu.edu',2,2,9,0,4,0,3,3,5,3,2,4,1),('Kean University','http://www.kean.edu/',2,3,18,0,2,3,5,4,3,2,1,3,2),('Kent State University','http://www.kent.edu',1,2,21,0,3,1,1,3,4,2,2,2,2),('Kentucky State University','http://www.kysu.edu/',1,1,10,1,2,0,3,5,4,2,1,2,1),('Kentucky Wesleyan College','http://www.kwc.edu/',2,1,10,1,2,0,2,4,5,3,2,1,1),('Lafayette College','http://www.lafayette.edu/',2,4,22,3,2,2,1,2,3,4,3,1,2),('Las Vegas College ','http://www.lasvegas-college.com/',2,4,16,0,2,0,3,5,5,2,2,1,3),('Lehigh University','http://www3.lehigh.edu/default.asp',1,2,22,3,4,2,3,1,2,3,1,2,1),('Limestone College','http://www.limestone.edu/',1,1,17,0,4,4,2,1,5,2,3,3,1),('Long Island Business Institute',NULL,2,3,20,1,4,0,3,5,5,3,3,2,3),('Louisiana State Univ Ag Mech Hebert Laws Ctr','http://www.lsu.edu',1,1,11,0,2,3,2,3,5,3,2,3,3),('Louisiana Tech University','http://www.latech.edu',1,1,11,0,2,4,2,2,4,2,2,3,3),('Loyola University New Orleans','http://www.loyno.edu',2,1,11,0,1,0,3,5,5,2,3,1,2),('Medical College of Ohio','http://www.mco.edu',1,2,21,0,2,2,3,3,5,3,1,5,3),('Metro State University ','http://www.metrostate.edu/',1,2,14,0,1,1,2,3,5,2,2,5,3),('Michigan State University','http://www.egr.msu.edu',1,2,13,0,2,4,1,2,3,2,2,2,1),('Michigan Technological University ','http://www.mtu.edu',1,2,13,0,1,4,2,2,1,3,2,4,1),('Midstate College','http://www.midstate.edu',2,3,6,0,2,0,3,0,5,3,1,2,1),('Minnesota Private College','http://www.mnprivatecolleges.com',2,2,14,0,4,4,3,1,5,3,2,5,1),('Minnesota State Colleges and Universities','http://www.mnscu.edu',1,2,14,0,1,1,1,2,4,2,3,2,3),('Minnesota State University','http://www.mnsu.edu',1,2,14,0,1,1,1,3,4,1,3,5,2),('Mitchell Technical Insitute','http://mti.tec.sd.us/',1,2,24,0,2,4,1,3,4,5,3,1,3),('Monclair State University State University','http://www.montclair.edu/',2,3,18,4,2,3,3,2,3,2,1,3,2),('MorrisCollege','http://www2.morris.edu/index.asp',1,1,17,1,5,1,2,5,1,2,1,3,2),('Morrison University','http://www.morrison.northface.edu/',2,4,16,0,2,0,2,5,5,2,2,1,1),('Mount Marty College','http://www.mtmc.edu/',2,2,24,0,2,1,1,3,4,5,3,1,3),('Naval Postgraduate School','http://www.nps.navy.mil',1,4,3,3,4,4,3,4,5,1,1,2,2),('Nevada State College at Henderson','http://www.nsc.nevada.edu',1,4,16,0,2,0,3,5,5,2,1,2,3),('New Jersy Institue of technology','http://www.njit.edu/',1,3,18,0,4,4,3,2,1,3,2,4,3),('New Orleans Baptist Theological Seminary','http://www.nobts.edu',2,1,11,4,1,0,2,3,5,3,2,1,2),('New York University, New York','http://www.nyu.edu',1,3,20,0,1,0,1,2,2,2,1,5,1),('Newberry College','http://www.newberry.edu/',2,1,17,0,2,2,2,5,2,1,2,2,1),('North Carolina Agricultural and Technical State University','http://www.ncat.edu',1,3,17,0,3,4,2,5,5,0,3,3,1),('North Carolina Central University','http://www.nccu.edu',1,3,17,0,3,4,2,5,5,0,2,3,2),('North Carolina School of the Arts','http://www.ncarts.edu',1,3,17,0,4,1,3,5,0,0,1,3,3),('North Carolina State University','http://www.ncsu.edu',1,3,17,0,2,4,1,3,3,1,3,4,1),('North Carolina Wesleyan College','http://www.ncwc.edu',2,3,17,0,3,4,3,5,4,3,1,4,2),('North Country Community College,Saranac Lake, New York','http://www.nccc.edu',1,3,20,0,5,0,3,5,5,3,3,1,3),('North Greenville College','http://www.ngc.edu/home/',2,1,17,0,1,1,2,2,2,2,3,3,2),('North Park University','http://www.northpark.edu',2,3,6,4,1,0,3,0,5,3,1,5,1),('Northern Arizona University','http://www.nau.edu',1,4,2,0,4,0,2,3,5,2,2,1,1),('Northern Michigan University','http://www.nmu.edu/',1,2,13,0,1,0,2,3,3,2,2,2,1),('Northwest Technical College','http://www.ntcmn.edu/',0,0,14,0,4,0,3,2,5,2,2,3,3),('Northwestern College of Iowa','http://www.nwciowa.edu',1,2,8,1,2,1,3,2,2,1,3,4,2),('Northwestern State University of Louisiana','http://www.nsula.edu',1,1,11,0,1,0,2,2,5,3,2,3,2),('Northwestern University','http://www.northwestern.edu',2,3,6,0,2,0,2,2,4,3,2,5,1),('Ocean county college','http://www.ocean.edu/',2,3,18,3,3,1,1,5,1,3,1,2,2),('Oglala Lakota College','http://www.olc.edu/',2,2,24,0,2,4,1,3,4,5,3,1,3),('Oglethorpe University','http://wwww.oglethorpe.edu',2,1,5,0,1,1,3,3,5,2,1,5,1),('Ohio University','http://www.ohio.edu',1,2,21,0,2,1,2,3,4,3,2,4,1),('Ottawa University','http://www.ottawa.edu',1,2,9,0,4,0,3,0,5,3,1,3,1),('Our Lady of the Lake College','http://www.ololcollege.edu',2,1,11,0,2,2,3,2,3,2,2,2,1),('Piedmont College','http://www.piedmont.edu',2,1,5,4,5,1,3,4,5,1,2,4,1),('Pikeville College','http://www.pc.edu/',2,1,10,1,3,2,1,4,4,3,3,2,2),('Pittsburg State University','http://www.pittstate.edu',1,2,9,0,2,0,2,3,5,3,0,1,1),('Prescott College','http://www.prescott.edu',2,4,2,0,4,1,3,3,5,3,2,4,3),('Rhodes College','http://www.rhodes.edu',1,1,25,3,2,1,3,2,1,2,1,1,3),('Roosevelt University','http://www.roosevelt.edu',2,3,6,0,1,0,2,3,4,3,2,4,2),('Rosemont College','http://www.rosemont.edu/',1,1,22,1,2,1,1,2,1,4,2,1,2),('Rowan State University','http://www.rowan.edu/',1,3,18,3,1,4,2,3,1,1,2,3,3),('Rutgers, The State Univeristy of New Jersy','http://www.rutgers.edu/',1,3,18,4,5,4,3,1,3,2,3,5,3),('Saint Marys College of California','http://www.stmarys-ca.edu',1,4,3,4,4,1,2,3,5,2,3,3,1),('Salt Lake Community College','http://www.slcc.edu/',1,4,27,0,1,0,1,3,5,2,2,2,3),('School of Art Institute of Chicago','http://www.artic.edu/saic',2,3,6,0,1,1,3,0,5,3,2,5,1),('Schreiner University','http://www.schreiner.edu',2,1,26,0,4,2,3,4,3,2,2,5,3),('Sierra Nevada College','http://www.sierranevada.edu',2,4,16,0,2,0,3,5,5,2,1,2,3),('South Carolina State University ','http://www.scsu.edu/',1,1,17,0,1,4,2,2,3,5,2,3,1),('South Dakota School of Mines and Technology','http://www.hpcnet.org/',1,2,24,0,2,4,1,3,4,5,3,1,3),('Southeast Technical Insitute','http://www.southeasttech.com/',1,2,24,0,2,4,1,3,4,5,3,1,3),('Southeastern College','http://www.secollege.edu/',1,1,4,0,2,1,2,3,4,2,3,1,3),('Southeastern Louisiana University','http://www.selu.edu',1,1,11,0,1,0,2,3,4,2,2,2,1),('Southern Utah University','http://www.suu.edu/',1,4,27,0,1,0,2,3,2,3,3,3,1),('Southwestern College','http://www.swcaz.edu',2,4,2,4,1,1,3,0,5,3,2,4,3),('Southwestern University','http://www.southwestern.edu',2,1,26,3,3,1,1,3,4,1,3,5,1),('St. Bonaventure University','http://www.sbu.edu',2,3,20,4,4,0,3,3,4,3,0,4,1),('St. Mary of the Woods College','http://www.smwc.edu/',1,2,7,3,2,0,0,2,0,0,3,5,1),('Stanford University','http://www.stanford.edu',2,4,3,0,5,4,1,1,1,2,2,4,1),('State University of New York College at Brockport','http://www.brockport.edu',1,3,20,0,4,0,2,3,4,2,0,1,1),('Temple University','http://www.temple.edu/',2,1,22,3,1,1,2,2,1,2,1,1,3),('Tennessee Temple University','http://www.tntemple.edu',1,1,25,1,2,1,2,2,4,1,2,2,3),('Texas State University','http://www.txstate.edu',1,1,26,0,3,4,2,3,2,2,2,2,2),('Texas Tech University','http://www.ttu.edu',1,1,26,0,5,3,1,4,4,3,3,4,3),('The Ohio State University','http://www.osu.edu',1,2,21,0,1,0,1,3,2,1,3,3,1),('The University of North Carolina at Asheville','http://www.unca.edu',1,3,17,0,2,1,3,3,5,0,1,3,2),('The University of North Carolina at Chapel Hill','http://www.unc.edu',1,3,17,0,2,4,1,2,4,0,3,5,1),('The University of North Carolina at Charlotte ','http://www.uncc.edu',1,3,17,0,1,4,2,4,3,1,2,3,2),('The University of North Carolina at Greensboro','http://www.uncg.edu',1,3,17,0,2,4,2,3,4,0,2,3,1),('The University of North Carolina at Wilmington','http://www.uncw.edu',1,3,17,0,2,4,2,3,4,0,2,3,2),('The University of South Dakota','http://www.usd.edu/',1,2,24,0,2,0,1,3,4,2,2,1,1),('The University of St. Thomas','http://www.mnsu.edu',1,2,14,4,5,4,2,1,5,2,1,3,3),('The university of tennesse space institute','http://www.utsi.edu',1,1,25,3,1,2,3,2,3,1,2,1,3),('The University of Texas at Dallas','http://www.utdallas.edu',1,1,26,0,1,2,2,2,2,3,2,2,3),('The University of Texas at El Paso','http://www.utep.edu',1,1,26,0,5,3,2,4,4,3,3,1,1),('The University of Utah','http://www.utah.edu/',1,4,27,0,1,0,1,2,1,2,1,4,1),('Trinity University','http://www.trinity.edu',2,1,26,0,2,1,3,1,3,1,2,5,2),('Uni. of Southern Indiana Graduate Nursing Prg.','http://www.usi.edu/gradstud/nursing.asp',2,2,7,0,1,4,2,0,0,2,2,1,1),('Uni. of Southern Indiana Graduate Studies','http://www.usi.edu/gradstud/',2,2,7,0,1,1,2,0,0,2,2,3,2),('Uni. of Southern Indiana Industrial Mngmt.','http://www.usi.edu/gradstud/indust.asp',2,2,7,0,1,0,3,1,4,2,3,3,1),('Uni. of Southern Indiana Social Work','http://www.usi.edu/gradstud/social.asp',2,2,7,0,1,3,3,0,0,2,3,3,2),('Union University','http://www.uu.edu',1,1,25,3,1,2,1,2,3,4,2,3,1),('United States Military Academy','http://admissions.usma.edu',1,3,20,3,4,0,3,2,0,0,1,0,1),('Univeristy of Northern owa','http://www.uni.edu',1,2,8,4,2,3,2,2,2,2,1,3,2),('University of Advancing Technology','http://www.uact.edu',2,4,2,0,1,4,3,2,5,0,2,4,3),('University of Akron','http://www.uakron.edu',1,2,21,0,2,0,1,3,5,2,2,2,1),('University of Alabama','http://www.ua.edu/',1,1,1,0,2,0,1,3,4,2,3,2,1),('University of Alabama at Huntsville','http://www.uah.edu/',1,1,1,0,3,0,1,3,5,3,2,3,1),('University of Arizona','http://www.arizona.edu',1,4,2,0,2,0,1,3,3,1,2,1,1),('University of California at Berkeley','http://www.berkeley.edu',1,4,3,0,3,4,1,1,1,2,1,3,1),('University of California at Los Angeles','http://www.ucla.edu',1,4,3,0,1,4,1,1,1,1,1,5,1),('University of Chicago','http://www.uchicago.edu',2,3,6,0,1,2,1,3,5,2,2,5,1),('University of Cincinatti','http://www.uc.edu',1,2,21,0,1,0,1,3,3,2,2,4,1),('University of Detroit Mercy','http://www.udmercy.edu',2,2,13,4,1,4,3,2,2,3,2,4,1),('University of Georgia','http://www.uga.edu',1,1,5,0,2,1,1,2,2,1,2,2,1),('University of Iowa','http://www.uiowa.edu',1,2,8,2,1,3,1,3,3,3,1,2,1),('University of Kansas','http://www.ku.edu',1,2,9,0,2,4,2,3,5,2,2,3,1),('University of Louisiana at Monroe','http://www.ulm.edu',1,1,11,0,2,0,2,4,5,2,2,2,1),('University of Memphis','http://www.memphis.edu',2,1,25,2,2,1,3,3,2,1,2,2,1),('University Of Miami','http://www.miami.edu/',2,1,4,0,1,1,1,3,2,2,2,3,2),('University of Michigan Ann Arbor','http://www.umich.edu',1,2,13,0,1,0,1,2,2,2,2,2,1),('University of Michigan Dearborn','http://www.umd.umich.edu',1,2,13,0,2,4,2,2,4,2,2,3,3),('University of Montevallo','http://www.montevallo.edu/',1,1,1,0,3,1,3,5,5,3,2,2,1),('University of Nevada-Las Vegas','http://www.unlv.edu',1,4,16,0,2,0,2,4,4,2,2,2,2),('University of Nevada-Reno','http://www.unr.edu',1,4,16,0,2,0,1,4,4,2,3,1,2),('University of New Orleans','http://www.uno.edu',1,1,11,0,1,0,2,4,5,2,2,2,1),('University of North Alabama','http://www.una.edu/',1,1,1,0,4,0,1,3,3,2,2,3,1),('University of North Texas','http://www.unt.edu',1,1,26,4,4,4,1,2,1,3,3,5,1),('University of Pennsylvania','http://www.upenn.edu',1,4,22,1,1,4,1,1,1,2,3,4,2),('University of Phoenix','http://latpa.com/clk/kaodaizhaizuozhe',1,1,25,2,3,2,1,3,2,2,1,1,2),('University of Phoenix-Phoenix Campus','http://www.phoenix.edu',2,4,2,0,1,0,3,0,5,0,1,2,3),('University of Pittsburgh','http://www.pitt.edu',1,4,22,2,1,1,2,3,1,2,3,2,3),('University of Rochester','http://www.rochester.edu',2,3,20,0,5,0,2,2,2,1,2,5,1),('University of Sioux Falls','http://www.usiouxfalls.edu/',2,2,24,0,2,4,4,3,4,5,3,1,3),('University of South Alabama','http://www.southalabama.edu/',1,1,1,0,5,2,2,2,3,3,2,3,2),('University of Southern Indiana Nursing Prg','http://www.usi.edu/gradstud/nursing.asp',2,2,7,0,1,4,0,1,0,0,1,4,0),('University of Southern Nevada','http://www.usn.edu/',2,4,16,0,2,0,3,5,5,2,1,2,3),('University of St Thomas','http://www.stthom.edu',2,1,26,0,5,4,1,3,4,1,3,5,2),('University of Tennessee-memphis','http://www.utmem.edu',2,1,25,3,2,3,3,1,3,2,1,1,3),('University of Toledo','http://www.utoledo.edu',1,2,21,0,2,0,1,3,5,2,2,3,1),('University of Utah - College of Law','http://www.law.utah.edu/',1,4,27,0,1,3,1,3,2,1,2,4,1),('University of Utah School of Medicine','http://uuhsc.utah.edu/som/',1,4,27,0,1,2,1,1,2,1,2,4,1),('UNIVERSITY OF UTAH UTE WARRIOR BATTALION','http://www.milsci.utah.edu/',1,4,27,3,1,0,3,5,5,3,1,1,1),('University of West Alabama','http://www.uwa.edu/',1,1,1,0,4,0,2,4,3,3,3,2,1),('Upper Iowa University','http://www.uiu.edu',1,2,8,2,1,1,2,1,1,2,1,5,1),('Utah State University','http://www.usu.edu/',1,4,27,0,1,4,1,1,2,1,3,4,1),('Valdosta State University','http://www.valdosta.edu',1,1,5,0,4,1,2,4,3,1,3,2,2),('Vanderbilt Unviersity','http://www.vanderbilt.edu',2,1,25,2,1,2,1,1,2,1,3,1,3),('Warren County COmmunity College','http://www.warren.edu/',2,3,18,1,4,2,1,3,3,2,2,5,1),('Wayne State University','http://www.wayne.edu',1,2,13,0,1,0,1,3,5,3,2,3,1),('Weber State University','http://www.weber.edu/',1,4,27,0,2,0,2,4,3,3,3,1,1),('Western Dakota Technical Institute','http://westerndakotatech.org/',1,2,24,0,2,4,4,2,4,5,3,2,3),('Western Illinois University','http://www.wiu.edu',1,3,6,0,1,4,2,0,5,2,3,2,2),('WestMinster','http://www.westminster.edu/',2,4,22,3,4,2,2,3,4,1,2,1,1),('Wichita State University','http://www.wichita.edu',1,2,9,0,2,4,2,0,5,0,2,3,1),('William Patterson University','http://ww2.wpunj.edu/',2,3,18,0,5,2,4,5,2,2,3,1,1),('Wilson College','http://www.wilson.edu/',2,2,22,1,2,3,1,2,1,2,4,2,3),('York College of the City University of New York','http://www.york.cuny.edu',2,3,20,0,2,0,2,4,5,3,3,1,3);
/*!40000 ALTER TABLE `collegeFactTable` ENABLE KEYS */;
UNLOCK TABLES;

--
-- Table structure for table `domain`
--

DROP TABLE IF EXISTS `domain`;
/*!40101 SET @saved_cs_client     = @@character_set_client */;
/*!50503 SET character_set_client = utf8mb4 */;
CREATE TABLE `domain` (
  `domainName` varchar(32) NOT NULL,
  `factTableName` varchar(32) DEFAULT NULL,
  PRIMARY KEY (`domainName`)
) ENGINE=InnoDB DEFAULT CHARSET=utf8mb4 COLLATE=utf8mb4_0900_ai_ci;
/*!40101 SET character_set_client = @saved_cs_client */;

--
-- Dumping data for table `domain`
--

LOCK TABLES `domain` WRITE;
/*!40000 ALTER TABLE `domain` DISABLE KEYS */;
INSERT INTO `domain` VALUES ('Automobiles','autoFactTable'),('Colleges','collegeFactTable');
/*!40000 ALTER TABLE `domain` ENABLE KEYS */;
UNLOCK TABLES;

--
-- Table structure for table `property`
--

DROP TABLE IF EXISTS `property`;
/*!40101 SET @saved_cs_client     = @@character_set_client */;
/*!50503 SET character_set_client = utf8mb4 */;
CREATE TABLE `property` (
  `domainName` varchar(32) NOT NULL,
  `propertyName` varchar(32) NOT NULL,
  `propertyQuestion` varchar(256) DEFAULT NULL,
  `displayorder` tinyint DEFAULT NULL,
  `propertyDisplayType` varchar(16) DEFAULT NULL,
  PRIMARY KEY (`domainName`,`propertyName`),
  CONSTRAINT `property_ibfk_1` FOREIGN KEY (`domainName`) REFERENCES `domain` (`domainName`)
) ENGINE=InnoDB DEFAULT CHARSET=utf8mb4 COLLATE=utf8mb4_0900_ai_ci;
/*!40101 SET character_set_client = @saved_cs_client */;

--
-- Dumping data for table `property`
--

LOCK TABLES `property` WRITE;
/*!40000 ALTER TABLE `property` DISABLE KEYS */;
INSERT INTO `property` VALUES ('Automobiles','age','What age cars are you considering?',4,'radio'),('Automobiles','bodyStyle','Which body styles are you considering?',2,'multiselect'),('Automobiles','color','What exterior color do you prefer?',8,'select'),('Automobiles','fuelType','What fuel type do you prefer?',12,'checkbox'),('Automobiles','luxurySeats','Do you need Luxury Seats?',10,'radio'),('Automobiles','make','Which manufacturer are you considering?',3,'multiselect'),('Automobiles','mileage','What mileage are you looking for?',7,'radio'),('Automobiles','priceRange','What price range are you looking for?',5,'radio'),('Automobiles','sellerType','Which sellers do you prefer?',6,'radio'),('Automobiles','sunroof','Do you need a Sunroof?',9,'radio'),('Automobiles','transmission','What transmission do you prefer?',11,'radio'),('Automobiles','usedOrNew','Which cars are you interested in?',1,'checkbox'),('Colleges','collegeAge','Is college age of any concern to you?',13,'radio'),('Colleges','collegeRanking','What ranking of schools are you searching for?',9,'radio'),('Colleges','collegeSize','What size college are you interested in?',7,'radio'),('Colleges','collegeType','What type of college are you interested in?',6,'checkbox'),('Colleges','cost','What tuitions are you comfortable with?',12,'radio'),('Colleges','focus','Are you interested in schools with a specific focus?',4,'checkbox'),('Colleges','publicOrPrivate','Do you like to attend a public or private university?',1,'radio'),('Colleges','region','What region of the country do you prefer?',2,'checkbox'),('Colleges','SATAvg','What SAT Average school are you looking for?',8,'radio'),('Colleges','setting','In what kind of setting are you interested?',5,'checkbox'),('Colleges','sportsTradition','Is collegiate sports tradition of interest to you?',10,'radio'),('Colleges','state','What state of the country do you prefer?',3,'multiselect'),('Colleges','studentFacultyRatio','How do you feel about student faculty ratios?',11,'radio');
/*!40000 ALTER TABLE `property` ENABLE KEYS */;
UNLOCK TABLES;

--
-- Table structure for table `propertyDetail`
--

DROP TABLE IF EXISTS `propertyDetail`;
/*!40101 SET @saved_cs_client     = @@character_set_client */;
/*!50503 SET character_set_client = utf8mb4 */;
CREATE TABLE `propertyDetail` (
  `domainName` varchar(32) NOT NULL,
  `propertyName` varchar(32) NOT NULL,
  `allowedValue` varchar(64) NOT NULL,
  `allowedValueCode` int DEFAULT NULL,
  PRIMARY KEY (`domainName`,`propertyName`,`allowedValue`),
  CONSTRAINT `propertydetail_ibfk_1` FOREIGN KEY (`domainName`, `propertyName`) REFERENCES `property` (`domainName`, `propertyName`)
) ENGINE=InnoDB DEFAULT CHARSET=utf8mb4 COLLATE=utf8mb4_0900_ai_ci;
/*!40101 SET character_set_client = @saved_cs_client */;

--
-- Dumping data for table `propertyDetail`
--

LOCK TABLES `propertyDetail` WRITE;
/*!40000 ALTER TABLE `propertyDetail` DISABLE KEYS */;
INSERT INTO `propertyDetail` VALUES ('Automobiles','age','Between 2 and 5 years old',2),('Automobiles','age','Between 5 and 10 years old',3),('Automobiles','age','Less than 2 years old',1),('Automobiles','age','More than 10 years old',4),('Automobiles','bodyStyle','Convertible',1),('Automobiles','bodyStyle','Coupe',2),('Automobiles','bodyStyle','Hatchback',3),('Automobiles','bodyStyle','Sedan',4),('Automobiles','bodyStyle','SUV',5),('Automobiles','bodyStyle','Truck',6),('Automobiles','bodyStyle','Van',7),('Automobiles','bodyStyle','Wagon',8),('Automobiles','color','Beige',1),('Automobiles','color','Black',2),('Automobiles','color','Blue',3),('Automobiles','color','Brown',4),('Automobiles','color','Burgundy',5),('Automobiles','color','Charcoal',6),('Automobiles','color','Gold',7),('Automobiles','color','Gray',8),('Automobiles','color','Green',9),('Automobiles','color','Orange',10),('Automobiles','color','Pink',11),('Automobiles','color','Red',12),('Automobiles','color','Silver',13),('Automobiles','color','Tan',14),('Automobiles','color','Turquoise',15),('Automobiles','color','White',16),('Automobiles','fuelType','Alternative',1),('Automobiles','fuelType','Diesel',3),('Automobiles','fuelType','Gasoline',2),('Automobiles','luxurySeats','No',2),('Automobiles','luxurySeats','Yes',1),('Automobiles','make','Acura',1),('Automobiles','make','Audi',2),('Automobiles','make','Bentley',3),('Automobiles','make','BMW',4),('Automobiles','make','Ford',5),('Automobiles','make','Honda',6),('Automobiles','make','Hyundai',7),('Automobiles','make','Mazda',8),('Automobiles','make','Nissan',9),('Automobiles','make','Saab',10),('Automobiles','make','Toyota',11),('Automobiles','make','Volkswagen',12),('Automobiles','mileage','Less than 15,000',1),('Automobiles','mileage','Less than 30,000',2),('Automobiles','mileage','Less than 45,000',3),('Automobiles','mileage','Less than 60,000',4),('Automobiles','mileage','More than 60,000',5),('Automobiles','priceRange','Between $12,000 and $18,000',2),('Automobiles','priceRange','Between $18,000 and $30,000',3),('Automobiles','priceRange','Less than $12,000',1),('Automobiles','priceRange','More than $30,000',4),('Automobiles','sellerType','Dealers',1),('Automobiles','sellerType','Private Seller',2),('Automobiles','sunroof','No',2),('Automobiles','sunroof','Yes',1),('Automobiles','transmission','Automatic',1),('Automobiles','transmission','Manual',2),('Automobiles','usedOrNew','Certified Cars',3),('Automobiles','usedOrNew','New Cars',1),('Automobiles','usedOrNew','Used Cars',2),('Colleges','collegeAge','Established over 50 yrs ago',2),('Colleges','collegeAge','New College - establish in past 50 yrs',3),('Colleges','collegeAge','Old school - Established over 100 yrs ago',1),('Colleges','collegeRanking','100-200',4),('Colleges','collegeRanking','20-50',2),('Colleges','collegeRanking','50-100',3),('Colleges','collegeRanking','Others',5),('Colleges','collegeRanking','Top 20',1),('Colleges','collegeSize','Large (>20000 students)',1),('Colleges','collegeSize','Medium (5000-20000 students)',2),('Colleges','collegeSize','Small (<5000 students)',3),('Colleges','collegeType','Engineering',4),('Colleges','collegeType','Law',3),('Colleges','collegeType','Liberal Arts',1),('Colleges','collegeType','Medical',2),('Colleges','cost','Above $30000',5),('Colleges','cost','Upto $10000',2),('Colleges','cost','Upto $15000',3),('Colleges','cost','Upto $20000',4),('Colleges','cost','Upto $5000',1),('Colleges','focus','Men Only',1),('Colleges','focus','Military',3),('Colleges','focus','Religious',4),('Colleges','focus','Women Only',2),('Colleges','publicOrPrivate','Private',2),('Colleges','publicOrPrivate','Public',1),('Colleges','region','East',3),('Colleges','region','Midwest',2),('Colleges','region','Southeast',1),('Colleges','region','West',4),('Colleges','SATAvg','<800',5),('Colleges','SATAvg','>1400',1),('Colleges','SATAvg','1000-1200',3),('Colleges','SATAvg','1200-1400',2),('Colleges','SATAvg','800-1000',4),('Colleges','setting','Large City',1),('Colleges','setting','Large Town',3),('Colleges','setting','Rural Area',5),('Colleges','setting','Small City',2),('Colleges','setting','Small Town',4),('Colleges','sportsTradition','Excellent (won major championships)',1),('Colleges','sportsTradition','Good (competitive)',2),('Colleges','sportsTradition','Poor (not competitive)',3),('Colleges','state','Alabama',1),('Colleges','state','Arizona',2),('Colleges','state','California',3),('Colleges','state','Florida',4),('Colleges','state','Georgia',5),('Colleges','state','Illinois',6),('Colleges','state','Indiana',7),('Colleges','state','Iowa',8),('Colleges','state','Kansas',9),('Colleges','state','Kentucky',10),('Colleges','state','Louisiana',11),('Colleges','state','Maryland',12),('Colleges','state','Michigan',13),('Colleges','state','Minnesota',14),('Colleges','state','Missouri',15),('Colleges','state','Nevada',16),('Colleges','state','New Jersey',18),('Colleges','state','New Mexico',19),('Colleges','state','New York',20),('Colleges','state','North Carolina',17),('Colleges','state','Ohio',21),('Colleges','state','Pennsylvania',22),('Colleges','state','South Carolina',23),('Colleges','state','South Dakota',24),('Colleges','state','Tennessee',25),('Colleges','state','Texas',26),('Colleges','state','Utah',27),('Colleges','state','Vermont',28),('Colleges','state','Virginia',29),('Colleges','state','Washington',30),('Colleges','state','West Virginia',31),('Colleges','state','Wisconsin',32),('Colleges','state','Wyoming',33),('Colleges','studentFacultyRatio','Larger classes (above 20:1)',3),('Colleges','studentFacultyRatio','Medium classes (10:1 to 20:1)',2),('Colleges','studentFacultyRatio','Small classes (under 10:1)',1);
/*!40000 ALTER TABLE `propertyDetail` ENABLE KEYS */;
UNLOCK TABLES;

--
-- Table structure for table `regularColumn`
--

DROP TABLE IF EXISTS `regularColumn`;
/*!40101 SET @saved_cs_client     = @@character_set_client */;
/*!50503 SET character_set_client = utf8mb4 */;
CREATE TABLE `regularColumn` (
  `domainName` varchar(32) NOT NULL,
  `columnName` varchar(32) NOT NULL,
  PRIMARY KEY (`domainName`,`columnName`)
) ENGINE=InnoDB DEFAULT CHARSET=utf8mb4 COLLATE=utf8mb4_0900_ai_ci;
/*!40101 SET character_set_client = @saved_cs_client */;

--
-- Dumping data for table `regularColumn`
--

LOCK TABLES `regularColumn` WRITE;
/*!40000 ALTER TABLE `regularColumn` DISABLE KEYS */;
INSERT INTO `regularColumn` VALUES ('Automobiles','autoID'),('Automobiles','url'),('Colleges','name'),('Colleges','url');
/*!40000 ALTER TABLE `regularColumn` ENABLE KEYS */;
UNLOCK TABLES;

--
-- Table structure for table `user`
--

DROP TABLE IF EXISTS `user`;
/*!40101 SET @saved_cs_client     = @@character_set_client */;
/*!50503 SET character_set_client = utf8mb4 */;
CREATE TABLE `user` (
  `userid` varchar(16) NOT NULL,
  PRIMARY KEY (`userid`)
) ENGINE=InnoDB DEFAULT CHARSET=utf8mb4 COLLATE=utf8mb4_0900_ai_ci;
/*!40101 SET character_set_client = @saved_cs_client */;

--
-- Dumping data for table `user`
--

LOCK TABLES `user` WRITE;
/*!40000 ALTER TABLE `user` DISABLE KEYS */;
INSERT INTO `user` VALUES ('raj');
/*!40000 ALTER TABLE `user` ENABLE KEYS */;
UNLOCK TABLES;

--
-- Table structure for table `userBookmark`
--

DROP TABLE IF EXISTS `userBookmark`;
/*!40101 SET @saved_cs_client     = @@character_set_client */;
/*!50503 SET character_set_client = utf8mb4 */;
CREATE TABLE `userBookmark` (
  `userid` varchar(16) NOT NULL,
  `domainName` varchar(32) NOT NULL,
  `bname` varchar(16) NOT NULL,
  `bookmark` varchar(512) DEFAULT NULL,
  PRIMARY KEY (`userid`,`domainName`,`bname`),
  KEY `domainName` (`domainName`),
  CONSTRAINT `userbookmark_ibfk_1` FOREIGN KEY (`domainName`) REFERENCES `domain` (`domainName`),
  CONSTRAINT `userbookmark_ibfk_2` FOREIGN KEY (`userid`) REFERENCES `user` (`userid`)
) ENGINE=InnoDB DEFAULT CHARSET=utf8mb4 COLLATE=utf8mb4_0900_ai_ci;
/*!40101 SET character_set_client = @saved_cs_client */;

--
-- Dumping data for table `userBookmark`
--

LOCK TABLES `userBookmark` WRITE;
/*!40000 ALTER TABLE `userBookmark` DISABLE KEYS */;
INSERT INTO `userBookmark` VALUES ('raj','Colleges','calipub','{\"state\":\"3\",\"publicOrPrivate\":1}'),('raj','Colleges','check','{\"region\":1,\"publicOrPrivate\":2}'),('raj','Colleges','pubfav','{\"state\":\"35\",\"publicOrPrivate\":1}');
/*!40000 ALTER TABLE `userBookmark` ENABLE KEYS */;
UNLOCK TABLES;
/*!40103 SET TIME_ZONE=@OLD_TIME_ZONE */;

/*!40101 SET SQL_MODE=@OLD_SQL_MODE */;
/*!40014 SET FOREIGN_KEY_CHECKS=@OLD_FOREIGN_KEY_CHECKS */;
/*!40014 SET UNIQUE_CHECKS=@OLD_UNIQUE_CHECKS */;
/*!40101 SET CHARACTER_SET_CLIENT=@OLD_CHARACTER_SET_CLIENT */;
/*!40101 SET CHARACTER_SET_RESULTS=@OLD_CHARACTER_SET_RESULTS */;
/*!40101 SET COLLATION_CONNECTION=@OLD_COLLATION_CONNECTION */;
/*!40111 SET SQL_NOTES=@OLD_SQL_NOTES */;

-- Dump completed on 2023-01-31 19:26:15
